,bpref,bpref10,indAP
RESNET,0.658,0.6815,0.6386765873015874
EFFICIENTNET,0.8215,0.83575,0.8073253968253968
COLOR,0.47450000000000003,0.4947500000000001,0.4475813492063493
SHAPE,0.471,0.488,0.44557738095238103
